id,gender,masterCategory,subCategory,articleType,baseColour,season,year,usage,productDisplayName,image_path
4943,Boys,apparel,Topwear,Shirts,White,Summer,2011.0,Casual,Gini and Jony Boy's Kaleb White Brown Kidswear,output_images\4943.png
2288,Women,apparel,Topwear,Tshirts,Black,Fall,2010.0,Sports,Nike Women Black T-shirt,output_images\2288.png
4988,Girls,apparel,Dress,Dresses,White,Summer,2011.0,Casual,Gini and Jony Girl's Vanya White Polka Dot Kidswear,output_images\4988.png
4944,Boys,apparel,Topwear,Shirts,White,Summer,2011.0,Casual,Gini and Jony Boy's Kaleb White Brown Infant Kidswear,output_images\4944.png
2620,Men,apparel,Topwear,Tshirts,Blue,Fall,2010.0,Sports,Nike Men's Colors Team India T-shirt,output_images\2620.png
4986,Men,apparel,Topwear,Tshirts,Red,Summer,2011.0,Sports,ADIDAS Men Bayern Munchen Red Jersey,output_images\4986.png
4972,Boys,apparel,Topwear,Shirts,Green,Summer,2011.0,Casual,Gini and Jony Boy's Kangaroo Green White Kidswear,output_images\4972.png
5433,Men,apparel,Topwear,Tshirts,Red,Summer,2011.0,Casual,Nike Men's Speed Fury Red T-shirt,output_images\5433.png
7532,Men,apparel,Topwear,Tshirts,Blue,Summer,2011.0,Sports,Nike Men's Encourage Blue T-shirt,output_images\7532.png
2272,Men,apparel,Topwear,Tshirts,Blue,Fall,2010.0,Sports,Nike Mens Blue Polo T-shirt,output_images\2272.png
2286,Men,apparel,Topwear,Sweatshirts,Black,Fall,2010.0,Sports,Nike Men Black Sweatshirt,output_images\2286.png
4975,Boys,apparel,Topwear,Tshirts,Red,Summer,2011.0,Casual,Gini and Jony Boy's Kent Pack of 3 Tee Kidswear,output_images\4975.png
2275,Men,apparel,Topwear,Tshirts,White,Fall,2010.0,Sports,Nike Mens Challenger Graphic White T-shirt,output_images\2275.png
7535,Men,apparel,Topwear,Tshirts,Blue,Summer,2011.0,Sports,Nike Men's Blue Polo T-shirt,output_images\7535.png
5434,Men,apparel,Topwear,Tshirts,Red,Summer,2011.0,Sports,Nike Men's Kill Man Red T-shirt,output_images\5434.png
4310,Unisex_Kids,apparel,Topwear,Tshirts,Green,Summer,2011.0,Casual,Tantra Kid's Unisex Papa's Joy Green Kidswear,output_images\4310.png
10007,Women,apparel,Topwear,Tshirts,White,Fall,2011.0,Sports,Nike Women As Trophy Swo White T-Shirts,output_images\10007.png
7561,Men,apparel,Topwear,Tshirts,White,Summer,2011.0,Sports,Nike Men's As Spher White T-shirt,output_images\7561.png
4921,Girls,apparel,Topwear,Tshirts,White,Summer,2011.0,Casual,Gini and Jony Girl's Viona Pack of 3 Tee Kidswear,output_images\4921.png
8378,Girls,apparel,Topwear,Tshirts,Green,Fall,2011.0,Casual,Doodle Girl's Princess Lime Kidswear,output_images\8378.png
7566,Men,apparel,Topwear,Tshirts,Black,Summer,2011.0,Sports,Nike Men's As Kobe Comic Black T-shirt,output_images\7566.png
4919,Women,apparel,Topwear,Tops,Pink,Summer,2011.0,Casual,Gini and Jony Girl's Veeya Pink Kidswear,output_images\4919.png
4317,Unisex_Kids,apparel,Topwear,Tshirts,Red,Summer,2011.0,Casual,Tantra Kid's Unisex Kya Boss Red Kidswear,output_images\4317.png
7559,Men,apparel,Topwear,Tshirts,Black,Summer,2011.0,Sports,Nike Men's Black Polo T-shirt,output_images\7559.png
10669,Boys,apparel,Topwear,Tshirts,Grey,Fall,2011.0,Casual,Doodle Boy Road Trip Grey Tshirts,output_images\10669.png
4328,Unisex_Kids,apparel,Topwear,Tshirts,Red,Summer,2011.0,Casual,Tantra Kid's Unisex Cute Mom Red Kidswear,output_images\4328.png
4926,Girls,apparel,Topwear,Tops,Green,Summer,2011.0,Casual,Gini and Jony Girl's Valencia Green Blue Infant Kidswear,output_images\4926.png
7550,Men,apparel,Topwear,Tshirts,Blue,Summer,2011.0,Sports,Nike Men's Teal Blue Polo T-shirt,output_images\7550.png
4321,Unisex_Kids,apparel,Topwear,Tshirts,Red,Summer,2011.0,Casual,Tantra Kid's Unisex Genius Red Kidswear,output_images\4321.png
8371,Girls,apparel,Topwear,Tshirts,Yellow,Fall,2011.0,Casual,Doodle Girl's Dont Worry Hippie Yellow Teen Kidswear,output_images\8371.png
10009,Men,apparel,Topwear,Tshirts,Red,Fall,2011.0,Sports,Nike Men Town Round Red Neck T-Shirts,output_images\10009.png
4910,Girls,apparel,Topwear,Tops,Pink,Summer,2011.0,Casual,Levis Kids Girl's Dionne Pink Teens Kidswear,output_images\4910.png
8385,Girls,apparel,Topwear,Tshirts,Orange,Fall,2011.0,Casual,Doodle Girl's Hippie Chic Orange Teen Kidswear,output_images\8385.png
4326,Unisex_Kids,apparel,Topwear,Tshirts,Pink,Summer,2011.0,Casual,Tantra Kid's Unisex Got It Pink Kidswear,output_images\4326.png
10031,Men,apparel,Topwear,Tshirts,Navy Blue,Fall,2011.0,Sports,Nike Men As Arsenal Co Navy Blue T-Shirts,output_images\10031.png
4928,Girls,apparel,Topwear,Tops,Green,Summer,2011.0,Casual,Gini and Jony Girl's Venice Green Blue Infant Kidswear,output_images\4928.png
8349,Boys,apparel,Topwear,Tshirts,Green,Fall,2011.0,Casual,Doodle Boy's I love Driving Green Kidswear,output_images\8349.png
7557,Men,apparel,Bottomwear,Shorts,Green,Summer,2011.0,Sports,Nike Men's Tempo 5 Green Short,output_images\7557.png
8382,Girls,apparel,Topwear,Tshirts,Blue,Fall,2011.0,Casual,Doodle Girl's Raw Edges Light Blue Kidswear,output_images\8382.png
4917,Girls,apparel,Topwear,Tops,Pink,Summer,2011.0,Casual,Gini and Jony Girl's Vollie Pink Kidswear,output_images\4917.png
4319,Unisex_Kids,apparel,Topwear,Tshirts,Blue,Summer,2011.0,Casual,Tantra Kid's Unisex Free Spirit Turquoise Kidswear,output_images\4319.png
7568,Men,apparel,Topwear,Tshirts,Black,Summer,2011.0,Sports,Nike Men's Black Polo T-shirt,output_images\7568.png
4980,Girls,apparel,Bottomwear,Shorts,Blue,Summer,2011.0,Casual,Palm Tree Girl's Benita Blue Kidswear,output_images\4980.png
4974,Boys,apparel,Topwear,Shirts,Yellow,Summer,2011.0,Casual,Gini and Jony Boy's Kangaroo Yellow Infant Kidswear,output_images\4974.png
7534,Men,apparel,Topwear,Tshirts,White,Summer,2011.0,Sports,Nike men's As Nike Spher White Orange T-shirt,output_images\7534.png
2274,Men,apparel,Topwear,Tshirts,White,Fall,2010.0,Sports,Nike Mens AS White T-shirt,output_images\2274.png
5435,Men,apparel,Topwear,Tshirts,Grey,Summer,2011.0,Sports,Nike Men's Encourage The Rookies Grey T-shirt,output_images\5435.png
2280,Women,apparel,Topwear,Tshirts,Pink,Fall,2010.0,Sports,Nike Womens Sphere Pink T-shirt,output_images\2280.png
4973,Boys,apparel,Topwear,Shirts,Yellow,Summer,2011.0,Casual,Gini and Jony Boy's Kangaroo Yellow Kidswear,output_images\4973.png
4987,Girls,apparel,Dress,Dresses,White,Summer,2011.0,Casual,Gini and Jony Girl's Viveca White Floral Kidswear,output_images\4987.png
2287,Men,apparel,Topwear,Tshirts,White,Summer,2011.0,Casual,Nike Men White T-shirt,output_images\2287.png
5432,Men,apparel,Topwear,Tshirts,Blue,Summer,2011.0,Casual,Nike Men's Cruiser Run The City Blue T-shirt,output_images\5432.png
2273,Men,apparel,Topwear,Tshirts,Red,Summer,2011.0,Sports,Nike Mens Red Polo T-shirt,output_images\2273.png
7533,Men,apparel,Bottomwear,Shorts,Black,Summer,2011.0,Sports,Nike Men's As T90 Black Short,output_images\7533.png
4945,Boys,apparel,Topwear,Tshirts,White,Summer,2011.0,Casual,Gini and Jony Boy's Kaniel White Yellow Kidswear,output_images\4945.png
2621,Boys,apparel,Topwear,Tshirts,Blue,Fall,2010.0,Sports,Nike Men's Bleed blue India Colors T-shirt,output_images\2621.png
2619,Men,apparel,Topwear,Tshirts,White,Fall,2010.0,Sports,Nike Mens White Bleed Blue T-shirt,output_images\2619.png
4942,Boys,apparel,Topwear,Tshirts,Red,Summer,2011.0,Casual,Gini and Jony Boys Kane Red & White Kidswear,output_images\4942.png
2289,Women,apparel,Topwear,Tshirts,Blue,Fall,2010.0,Sports,Nike Women Blue T-shirt,output_images\2289.png
8348,Boys,apparel,Topwear,Tshirts,Brown,Fall,2011.0,Casual,Doodle Boy's Little Monsters Rocking Rust Kidswear,output_images\8348.png
7556,Men,apparel,Topwear,Tshirts,Blue,Summer,2011.0,Sports,Nike Men's Aqua Polo T-shirt,output_images\7556.png
10030,Women,apparel,Topwear,Tshirts,Black,Fall,2011.0,Sports,Nike Women As See The Win Black T-Shirts,output_images\10030.png
4929,Girls,apparel,Bottomwear,Skirts,Blue,Summer,2011.0,Casual,Gini and Jony Girl's Vanida Blue Dungree Kidswear,output_images\4929.png
3330,Men,apparel,Topwear,Tshirts,Red,Summer,2011.0,Sports,RCB Mens Fangear Polo Jersey,output_images\3330.png
4327,Unisex_Kids,apparel,Topwear,Tshirts,Blue,Summer,2011.0,Casual,Tantra Kid's Unisex Cute Mom Turqoise Kidswear,output_images\4327.png
7569,Men,apparel,Topwear,Tshirts,Blue,Summer,2011.0,Sports,Nike Men's As Miler UV SS Blue T-shirt,output_images\7569.png
8383,Girls,apparel,Topwear,Tshirts,Blue,Fall,2011.0,Casual,Doodle Girl's Raw Edges Light Blue Teen Kidswear,output_images\8383.png
4318,Men,apparel,Topwear,Tshirts,Orange,Summer,2011.0,Casual,Tantra Kid's Men Kya Boss Orange Kidswear,output_images\4318.png
4916,Girls,apparel,Topwear,Tops,White,Summer,2011.0,Casual,Gini and Jony Girl's Vollie White Infant Kidswear,output_images\4916.png
4320,Unisex_Kids,apparel,Topwear,Tshirts,Orange,Summer,2011.0,Casual,Tantra Kid's Unisex Good Morning Orange Kidswear,output_images\4320.png
7551,Men,apparel,Topwear,Tshirts,White,Summer,2011.0,Sports,Nike Men's As Walkthrough White T-shirt,output_images\7551.png
10008,Men,apparel,Topwear,Tshirts,Navy Blue,Fall,2011.0,Sports,Nike Men Town Navy Blue T-Shirts,output_images\10008.png
4911,Girls,apparel,Topwear,Tops,Pink,Summer,2011.0,Casual,Levis Kids Girl's Dionne Pink Kidswear,output_images\4911.png
8384,Girls,apparel,Topwear,Tshirts,Orange,Fall,2011.0,Casual,Doodle Girl's Hippie Chic Orange Kidswear,output_images\8384.png
4316,Unisex_Kids,apparel,Topwear,Tshirts,Black,Summer,2011.0,Casual,Tantra Kid's Unisex Play To Win Black Kidswear,output_images\4316.png
4918,Girls,apparel,Topwear,Tops,Pink,Summer,2011.0,Casual,Gini and Jony Girls Vollie Pink Top,output_images\4918.png
8379,Girls,apparel,Topwear,Tshirts,Green,Fall,2011.0,Casual,Doodle Girl's Princess Lime Green Top,output_images\8379.png
7567,Men,apparel,Topwear,Tshirts,Orange,Summer,2011.0,Sports,Nike Men's As Sublimated Orange T-shirt,output_images\7567.png
4927,Girls,apparel,Topwear,Tops,Green,Summer,2011.0,Casual,Gini and Jony Girl's Venice Green Blue Kidswear,output_images\4927.png
4329,Unisex_Kids,apparel,Topwear,Tshirts,Orange,Summer,2011.0,Casual,Tantra Kid's Unisex Feeding Me Orange Kidswear,output_images\4329.png
7558,Men,apparel,Topwear,Tshirts,Grey,Summer,2011.0,Sports,Nike Men's Sublimated Dark Grey T-shirt,output_images\7558.png
7560,Women,apparel,Bottomwear,Track Pants,Grey,Summer,2011.0,Sports,Nike Women's Be Strong Grey Track Pant,output_images\7560.png
10006,Men,apparel,Topwear,Tshirts,Black,Fall,2011.0,Sports,Nike Men AS T90 Black Tshirts,output_images\10006.png
4311,Unisex_Kids,apparel,Topwear,Tshirts,Green,Summer,2011.0,Casual,Tantra Kid's Unisex Muscle Man Green Kidswear,output_images\4311.png
4920,Girls,apparel,Topwear,Tops,Pink,Summer,2011.0,Casual,Gini and Jony Girl's Veeya Pink Infant Kidswear,output_images\4920.png
9543,Men,apparel,Topwear,Tshirts,Red,Fall,2011.0,Sports,Nike Men Red Polo Tshirts,output_images\9543.png
10722,Men,apparel,Topwear,Tshirts,White,Summer,2011.0,Casual,Nike Men Casual short sleeve tshirt White Tshirts,output_images\10722.png
4899,Girls,apparel,Topwear,Tshirts,Green,Summer,2011.0,Casual,Levis Kids Girl's Desiree Green Kidswear,output_images\4899.png
4897,Girls,apparel,Topwear,Tops,Yellow,Summer,2011.0,Casual,Levis Kids Girl's Diane Yellow Kidswear,output_images\4897.png
2738,Boys,apparel,Topwear,Tshirts,White,Summer,2011.0,Casual,Disney Kids Boy's Double Fun Kidswear,output_images\2738.png
2707,Girls,apparel,Dress,Dresses,Pink,Summer,2011.0,Casual,Disney Kids Girl's Dress Pink Pooh Kidswear,output_images\2707.png
10713,Women,apparel,Bottomwear,Capris,Blue,Winter,2011.0,Sports,Nike Women Blue Dri-Fit Capris,output_images\10713.png
4890,Girls,apparel,Topwear,Tshirts,Pink,Summer,2011.0,Casual,Levis Kids Girl's Diaz Pink Polo Tshirt,output_images\4890.png
10714,Women,apparel,Bottomwear,Track Pants,Black,Summer,2011.0,Sports,Nike Women Trainng track pants Black Track Pants,output_images\10714.png
2700,Girls,apparel,Topwear,Tops,White,Summer,2011.0,Casual,Disney Kids Girl's White Kidswear,output_images\2700.png
4457,Men,apparel,Topwear,Tshirts,Black,Summer,2011.0,Sports,Nike Men's Graphic Black Blue T-shirt,output_images\4457.png
4201,Boys,apparel,Topwear,Tshirts,Green,Summer,2011.0,Casual,Disney Kids Boy's Green Crew Sea Life Sialing Kidswear,output_images\4201.png
4206,Boys,apparel,Topwear,Tshirts,Red,Summer,2011.0,Casual,Disney Kids Boy's Red Mickeys Scrap Book Kidswear,output_images\4206.png
2301,Men,apparel,Topwear,Tshirts,White,Fall,2010.0,Sports,Nike Mens Manchester United White T-shirt,output_images\2301.png
9983,Men,apparel,Topwear,Tshirts,Blue,Fall,2011.0,Sports,Nike Men As Ss Challen Blue T-Shirts,output_images\9983.png
4459,Men,apparel,Topwear,Tshirts,Black,Summer,2011.0,Casual,Nike Men's Black Blue T-shirt,output_images\4459.png
4461,Men,apparel,Topwear,Jackets,Black,Summer,2011.0,Sports,Nike Men Manu Show Time Black Jacket,output_images\4461.png
9970,Men,apparel,Topwear,Sweatshirts,Black,Fall,2011.0,Sports,Nike Men As Squad Ft C Black Sweatshirts,output_images\9970.png
9984,Men,apparel,Topwear,Tshirts,Green,Fall,2011.0,Sports,Nike Men As Value Runn Green T-Shirts,output_images\9984.png
2306,Women,apparel,Bottomwear,Capris,Black,Fall,2010.0,Sports,Nike Women Cuffed Black Capris,output_images\2306.png
1910,Men,apparel,Topwear,Tshirts,Black,Fall,2010.0,Sports,Nike Men's Classic Patterned T-shirt,output_images\1910.png
4208,Boys,apparel,Topwear,Tshirts,Red,Summer,2011.0,Casual,Disney Kids Boy's Red Geo Team Kidswear,output_images\4208.png
4891,Girls,apparel,Topwear,Tshirts,Pink,Summer,2011.0,Casual,Levis Kids Girl's Diaz Pink Polo Tshirt,output_images\4891.png
2701,Girls,apparel,Topwear,Tops,Yellow,Summer,2011.0,Casual,Disney Kids Girl's Yellow Daisy Kidswear,output_images\2701.png
4896,Girls,apparel,Topwear,Tops,Yellow,Summer,2011.0,Casual,Levis Kids Girl's Diane Yellow Teens Kidswear,output_images\4896.png
10712,Women,apparel,Topwear,Tshirts,Blue,Fall,2011.0,Casual,Nike Women Casual short sleeve tshirt Blue Tshirts,output_images\10712.png
2706,Girls,apparel,Topwear,Tops,Pink,Summer,2011.0,Casual,Disney Kids Girl's Pink Pooh Kidswear,output_images\2706.png
9545,Men,apparel,Topwear,Tshirts,Grey,Summer,2011.0,Sports,Nike Men Grey T-shirt,output_images\9545.png
2730,Girls,apparel,Topwear,Tops,Red,Summer,2011.0,Casual,Disney Kids Girl's Red Round Neck Kidswear,output_images\2730.png
2708,Girls,apparel,Dress,Dresses,White,Summer,2011.0,Casual,Disney Kids Girl's White Dress Pooh Kidswear,output_images\2708.png
9542,Men,apparel,Topwear,Tshirts,Red,Summer,2011.0,Sports,Nike Men Manu Auth Graphic Red T-Shirts,output_images\9542.png
2737,Girls,apparel,Topwear,Tops,Red,Summer,2011.0,Casual,Disney Kids Girl's Red Kidswear,output_images\2737.png
4898,Girls,apparel,Topwear,Tops,Green,Summer,2011.0,Casual,Levis Kids Girl's Desiree Green Teens Kidswear,output_images\4898.png
10723,Men,apparel,Topwear,Tshirts,White,Summer,2012.0,Sports,Nike Men Trainng Men's tshirt White Tshirts,output_images\10723.png
9985,Women,apparel,Topwear,Tshirts,Blue,Fall,2011.0,Sports,Nike Women As Jdi Pixels Blue T-Shirts,output_images\9985.png
2307,Women,apparel,Topwear,Tshirts,Purple,Fall,2010.0,Sports,Nike Women Purple Polo T-shirt,output_images\2307.png
9971,Men,apparel,Topwear,Sweatshirts,Blue,Fall,2011.0,Sports,Nike Men As Squad Ft C Blue Sweatshirts,output_images\9971.png
4460,Men,apparel,Topwear,Tshirts,Blue,Summer,2011.0,Sports,Nike Men's Hand Gang Sign Blue T-shirt,output_images\4460.png
1911,Men,apparel,Topwear,Tshirts,Blue,Fall,2010.0,Sports,Nike Mens Manchester United Blues T-shirt,output_images\1911.png
4209,Boys,apparel,Topwear,Tshirts,Green,Summer,2011.0,Casual,Disney Kids Boy's Green Mickey On Skates Kidswear,output_images\4209.png
9976,Men,apparel,Topwear,Sweatshirts,Black,Fall,2011.0,Sports,Nike Men Manu Core Black Sweatshirts,output_images\9976.png
2300,Women,apparel,Topwear,Tshirts,Pink,Fall,2010.0,Sports,Nike Women Pink Polo T-shirt,output_images\2300.png
9982,Men,apparel,Topwear,Tshirts,Blue,Fall,2011.0,Sports,Nike Men Blue Polo T-shirt,output_images\9982.png
4458,Men,apparel,Topwear,Tshirts,White,Summer,2011.0,Sports,Nike Men's Graphic White Blue T-shirt,output_images\4458.png
4207,Boys,apparel,Topwear,Tshirts,Blue,Summer,2011.0,Casual,Disney Kids Boy's Blue Colourtastic Kidswear,output_images\4207.png
2309,Women,apparel,Topwear,Tshirts,Blue,Fall,2010.0,Sports,Nike Women Miller Blue T-shirt,output_images\2309.png
4456,Men,apparel,Topwear,Tshirts,White,Summer,2011.0,Sports,Nike Men's Kobe Epic White T-shirt,output_images\4456.png
4200,Boys,apparel,Topwear,Tshirts,Blue,Summer,2011.0,Casual,Disney Kids Boy's Blue Champs Kidswear,output_images\4200.png
9991,Men,apparel,Topwear,Tshirts,Blue,Fall,2011.0,Sports,Nike Men As Ad Club Pi Blue T-Shirts,output_images\9991.png
2313,Women,apparel,Topwear,Tshirts,White,Fall,2010.0,Sports,Nike Womens Green Polo T-shirt,output_images\2313.png
9962,Men,apparel,Topwear,Tshirts,Red,Fall,2011.0,Sports,Nike Men Medals Crew Red T-Shirts,output_images\9962.png
2314,Men,apparel,Topwear,Tshirts,Black,Fall,2010.0,Sports,Nike Mens JDI Black T-shirt,output_images\2314.png
9533,Men,apparel,Topwear,Tshirts,Red,Summer,2011.0,Sports,Nike Men Manus Shomest Adiumjsy Red Jerseys,output_images\9533.png
4213,Girls,apparel,Topwear,Tshirts,Pink,Summer,2011.0,Casual,Disney Kids Girl's Pink Summer Fun Fair Kidswear,output_images\4213.png
9954,Men,apparel,Topwear,Tshirts,White,Fall,2011.0,Sports,Nike Men White Polo Tshirts,output_images\9954.png
9534,Men,apparel,Topwear,Tshirts,Black,Summer,2011.0,Sports,Nike Men Ast 90ss Graphic Black T-Shirts,output_images\9534.png
2741,Girls,apparel,Topwear,Tops,Pink,Summer,2011.0,Casual,Disney Kids Girl's Pink Kidswear,output_images\2741.png
9953,Men,apparel,Topwear,Tshirts,Yellow,Fall,2011.0,Sports,Nike Men CBF H/A SS RE Yellow Jersey,output_images\9953.png
4214,Girls,apparel,Topwear,Tshirts,Yellow,Summer,2011.0,Casual,Disney Kids Girl's Yellow Summer Fun Fair Kidswear,output_images\4214.png
2715,Girls,apparel,Topwear,Tops,Orange,Summer,2011.0,Casual,Disney Kids Girl's Minnie Orange Stripped Kidswear,output_images\2715.png
1164,Men,apparel,Topwear,Tshirts,Blue,Winter,2015.0,Sports,Nike Men Blue T20 Indian Cricket Jersey,output_images\1164.png
4885,Girls,apparel,Topwear,Tops,Purple,Summer,2011.0,Casual,Levis Kids Girl's Darcy Purple Kidswear,output_images\4885.png
9560,Men,apparel,Topwear,Tshirts,White,Summer,2011.0,Sports,Nike Men Tmtsc White T-Shirts,output_images\9560.png
4871,Boys,apparel,Topwear,Tshirts,Red,Summer,2016.0,Casual,Levis Kids Boy's Dawson Red Kidswear,output_images\4871.png
9558,Men,apparel,Topwear,Tshirts,Black,Fall,2011.0,Sports,Nike Men Black Black Tshirts,output_images\9558.png
1163,Men,apparel,Topwear,Tshirts,Blue,Summer,2011.0,Sports,Nike Sahara Team India Fanwear Round Neck Jersey,output_images\1163.png
2712,Girls,apparel,Dress,Dresses,Blue,Summer,2011.0,Casual,Disney Kids Girl's Halter Neck Blue Kidswear,output_images\2712.png
4876,Boys,apparel,Topwear,Tshirts,White,Summer,2016.0,Casual,Levis Kids Boy's Dean White Black Teens Kidswear,output_images\4876.png
4882,Boys,apparel,Topwear,Tshirts,White,Summer,2016.0,Casual,Levis Kids Boy's Davis White Polo Tshirt,output_images\4882.png
2724,Boys,apparel,Topwear,Tshirts,White,Summer,2011.0,Casual,Disney Kids Boy's White Red Kidswear,output_images\2724.png
9551,Men,apparel,Topwear,Tshirts,Blue,Summer,2011.0,Sports,Nike Men As Race Day Ss Blue T-Shirts,output_images\9551.png
4878,Boys,apparel,Topwear,Tshirts,White,Summer,2016.0,Casual,Levis Kids Boy's Devon White Teens Kidswear,output_images\4878.png
9556,Men,apparel,Topwear,Tshirts,Black,Fall,2011.0,Sports,Nike Men Asem Cricket Swoosh Black T-Shirts,output_images\9556.png
9535,Men,apparel,Topwear,Tshirts,Grey,Summer,2011.0,Sports,Nike Men Ast 90ss Graphic Grey T-Shirts,output_images\9535.png
4215,Girls,apparel,Topwear,Tshirts,White,Summer,2011.0,Casual,Disney Kids Girl's White Fun In The Fair Kidswear,output_images\4215.png
2740,Girls,apparel,Topwear,Tops,Blue,Summer,2011.0,Casual,Disney Kids Girl's Blue Kidswear,output_images\2740.png
9532,Men,apparel,Topwear,Jackets,Orange,Fall,2011.0,Sports,Nike Men Summerized Wind Runner Orange Jackets,output_images\9532.png
4212,Girls,apparel,Topwear,Tshirts,Yellow,Summer,2011.0,Casual,Disney Kids Girl's Yellow Kidswear,output_images\4212.png
9955,Men,apparel,Topwear,Tshirts,Blue,Fall,2011.0,Sports,Nike Men Blue Polo Tshirts,output_images\9955.png
2315,Women,apparel,Topwear,Tshirts,Pink,Fall,2010.0,Sports,Nike Womens Cruiser Pink T-shirt,output_images\2315.png
9963,Men,apparel,Topwear,Tshirts,Black,Fall,2011.0,Sports,Nike Men Tnfl Crew Black T-Shirts,output_images\9963.png
9964,Women,apparel,Topwear,Tshirts,Blue,Fall,2011.0,Sports,Nike Women As Statement Blue T-Shirts,output_images\9964.png
9990,Men,apparel,Topwear,Tshirts,White,Fall,2011.0,Sports,Nike Men White Polo Tshirts,output_images\9990.png
2312,Men,apparel,Topwear,Tshirts,White,Fall,2010.0,Sports,Nike Mens White Polo T-shirt,output_images\2312.png
4879,Men,apparel,Topwear,Tshirts,White,Summer,2016.0,Casual,Levis Kids Boy's Devon White Kidswear,output_images\4879.png
2722,Boys,apparel,Bottomwear,Shorts,Blue,Summer,2011.0,Casual,Disney Kids Boy's Denim Mickey Surf Kidswear,output_images\2722.png
10709,Women,apparel,Topwear,Tshirts,Purple,Fall,2011.0,Sports,Nike Women Trainng short sleeve tshirt Purple Tshirts,output_images\10709.png
9557,Men,apparel,Topwear,Tshirts,Blue,Summer,2011.0,Sports,Nike Men Running Blue Tshirts,output_images\9557.png
9550,Men,apparel,Topwear,Tshirts,Black,Fall,2011.0,Sports,Nike Men As Explovise Black T-Shirts,output_images\9550.png
9559,Men,apparel,Topwear,Tshirts,Grey,Summer,2011.0,Casual,Nike Men Ath Dept Grey Tshirts,output_images\9559.png
4883,Boys,apparel,Topwear,Tshirts,White,Summer,2016.0,Casual,Levis Kids Boy's Davis White Polo Tshirt,output_images\4883.png
4877,Boys,apparel,Topwear,Tshirts,White,Summer,2016.0,Casual,Levis Kids Boy's Dean White Black Kidswear,output_images\4877.png
2714,Boys,apparel,Topwear,Tshirts,Red,Summer,2011.0,Casual,Disney Kids Boy's Red Goofy Surf Kidswear,output_images\2714.png
4870,Boys,apparel,Topwear,Tshirts,Red,Summer,2016.0,Casual,Levis Kids Boy's Dawson Red Teens Kidswear,output_images\4870.png
4884,Girls,apparel,Topwear,Tops,Purple,Summer,2011.0,Casual,Levis Kids Girl's Darcy Purple Teens Kidswear,output_images\4884.png
4902,Girls,apparel,Topwear,Tops,Pink,Summer,2011.0,Casual,Levis Kids Girl's Denise Pink Teens Kidswear,output_images\4902.png
5443,Women,apparel,Topwear,Tshirts,Orange,Summer,2011.0,Casual,Nike Women's Striped Polo Orange T-shirt,output_images\5443.png
7542,Men,apparel,Bottomwear,Shorts,White,Summer,2011.0,Sports,Nike Men's AS T90 3/4 WO White Shorts,output_images\7542.png
3324,Boys,apparel,Topwear,Tshirts,Blue,Summer,2011.0,Sports,KKR Boys Fangear Tee,output_images\3324.png
10024,Women,apparel,Topwear,Tshirts,Black,Fall,2011.0,Sports,Nike Women As Make Yours Black T-Shirts,output_images\10024.png
10672,Girls,apparel,Topwear,Tops,Purple,Fall,2011.0,Casual,Doodle Girls Little song board Purple Tops,output_images\10672.png
4905,Girls,apparel,Topwear,Tops,White,Summer,2011.0,Casual,Palm Tree Girl's Lions White Pink Kidswear,output_images\4905.png
8364,Girls,apparel,Topwear,Tshirts,Blue,Fall,2011.0,Casual,Doodle Girl's Happy Smiles Blue Pink Kidswear,output_images\8364.png
10675,Girls,apparel,Topwear,Tops,Black,Fall,2011.0,Casual,Doodle Girl Princess Black Tops,output_images\10675.png
2695,Boys,apparel,Topwear,Tshirts,White,Summer,2011.0,Casual,Disney Kids Boy's Baby Mickey Surf Kidswear,output_images\2695.png
3323,Men,apparel,Topwear,Jackets,Blue,Summer,2011.0,Sports,KKR Mens Fangear Tee,output_images\3323.png
10023,Women,apparel,Bottomwear,Track Pants,Grey,Fall,2011.0,Sports,Nike Women Regular Grey Track Pants,output_images\10023.png
5020,Boys,apparel,Topwear,Shirts,Black,Summer,2011.0,Casual,Levis Kids Boy's Caspian Black Kidswear,output_images\5020.png
7545,Men,apparel,Topwear,Tshirts,Green,Summer,2011.0,Sports,Nike Men's Ss Wfc No Loo Gree T-Shirt,output_images\7545.png
5444,Girls,apparel,Topwear,Tops,Black,Summer,2011.0,Casual,Ant Kids Girl's Check Top Black Kidswear,output_images\5444.png
4933,Girls,apparel,Dress,Dresses,Peach,Summer,2011.0,Casual,Gini and Jony Girl's Valerie Peach White Kidswear,output_images\4933.png
10015,Men,apparel,Topwear,Tshirts,White,Fall,2011.0,Casual,Locomotive Men American Glory White Tshirts,output_images\10015.png
4302,Unisex_Kids,apparel,Topwear,Tshirts,Orange,Summer,2011.0,Casual,Tantra Kid's Unisex Grandad Brick Orange Kidswear,output_images\4302.png
7573,Men,apparel,Topwear,Tshirts,Green,Summer,2011.0,Sports,Nike Men's As Race Day Green T-shirt,output_images\7573.png
8355,Boys,apparel,Topwear,Tshirts,Yellow,Fall,2011.0,Casual,Doodle Boy's I am Handsome No1 Yellow Kidswear,output_images\8355.png
4934,Girls,apparel,Dress,Dresses,Peach,Summer,2011.0,Casual,Gini and Jony Girl's Valerie Peach White Infant Kidswear,output_images\4934.png
7574,Men,apparel,Topwear,Tshirts,White,Summer,2011.0,Sports,Nike Men's Blue Polo T-shirt,output_images\7574.png
7580,Men,apparel,Topwear,Tshirts,Black,Summer,2011.0,Sports,Nike Men's As Kill Man T-shirt,output_images\7580.png
4305,Unisex_Kids,apparel,Topwear,Tshirts,Green,Summer,2011.0,Casual,Tantra Kid's Unisex Tribal Blast Green Kidswear,output_images\4305.png
10012,Men,apparel,Bottomwear,Track Pants,Navy Blue,Fall,2011.0,Sports,Nike Men's Breakli Navy Blue Track Pants,output_images\10012.png
5421,Boys,apparel,Topwear,Tshirts,White,Summer,2011.0,Casual,Ant Kids Boy's Love This Game White Kidswear,output_images\5421.png
2294,Women,apparel,Topwear,Tops,White,Fall,2010.0,Sports,Nike Women's Miller Top,output_images\2294.png
4960,Boys,apparel,Topwear,Tshirts,Green,Summer,2011.0,Casual,Gini and Jony Boy's King Green White Brown Infant Kidswear,output_images\4960.png
2293,Women,apparel,Topwear,Tshirts,Pink,Fall,2010.0,Casual,Nike Women Accuracy Pink T-shirt,output_images\2293.png
4958,Boys,apparel,Topwear,Tshirts,White,Summer,2011.0,Casual,Gini and Jony Boy's King White Red Blue Infant Kidswear,output_images\4958.png
10041,Women,apparel,Topwear,Tshirts,Brown,Fall,2011.0,Sports,Nike Women Brown Polo T-shirt,output_images\10041.png
5426,Boys,apparel,Topwear,Tshirts,Black,Summer,2011.0,Casual,Ant Kids Boy's Black Cartoon Pop Kidswear,output_images\5426.png
7527,Men,apparel,Topwear,Tshirts,White,Summer,2011.0,Casual,Nike Men's As T90 SS White Blue T-shirt,output_images\7527.png
2267,Women,apparel,Topwear,Tshirts,Pink,Fall,2010.0,Sports,Nike Pink Women T-shirt,output_images\2267.png
4967,Boys,apparel,Topwear,Tshirts,Yellow,Summer,2011.0,Casual,Gini and Jony Boy's Kaffle Yellow Kidswear,output_images\4967.png
5419,Boys,apparel,Topwear,Tshirts,Black,Summer,2011.0,Casual,Ant Kids Boy's Musical Buzz Black Red Kidswear,output_images\5419.png
4199,Boys,apparel,Topwear,Tshirts,Yellow,Summer,2011.0,Casual,Disney Kids Boy's Yellow Royal Sailing Kidswear,output_images\4199.png
5417,Girls,apparel,Topwear,Tshirts,Blue,Summer,2011.0,Casual,Ant Kids Girls Blue T-shirt,output_images\5417.png
7516,Women,apparel,Topwear,Tshirts,Pink,Summer,2011.0,Sports,Nike Women's Class Pink T-shirt,output_images\7516.png
4969,Boys,apparel,Topwear,Tshirts,Blue,Summer,2011.0,Casual,Gini and Jony Boy's Kay Blue Kidswear,output_images\4969.png
7529,Men,apparel,Topwear,Tshirts,White,Summer,2011.0,Sports,Nike Men's Ss Training White T-shirt,output_images\7529.png
2269,Women,apparel,Topwear,Tshirts,Green,Fall,2010.0,Sports,Nike Light Green Women T-shirt,output_images\2269.png
5428,Girls,apparel,Topwear,Tshirts,White,Summer,2011.0,Casual,Ant Kids Girl's White Free Bird Kidswear,output_images\5428.png
4956,Boys,apparel,Topwear,Shirts,Red,Summer,2011.0,Casual,Gini and Jony Boy's Kaiser Red Blue Infant Kidswear,output_images\4956.png
4935,Girls,apparel,Topwear,Tops,White,Summer,2011.0,Casual,Gini and Jony Girl's Veata White Black Pink Kidswear,output_images\4935.png
8354,Boys,apparel,Topwear,Tshirts,Brown,Fall,2011.0,Casual,Doodle Boy's I am Handsome No1 Rust Kidswear,output_images\8354.png
10013,Men,apparel,Topwear,Tshirts,Yellow,Fall,2011.0,Sports,Nike Men As Ss Cruiser Yellow T-Shirts,output_images\10013.png
4304,Unisex_Kids,apparel,Topwear,Tshirts,Pink,Summer,2011.0,Casual,Tantra Kid's Unisex Math Pink Kidswear,output_images\4304.png
8353,Boys,apparel,Topwear,Tshirts,White,Fall,2011.0,Casual,Doodle Boy's Original Royal Classic White Kidswear,output_images\8353.png
4932,Girls,apparel,Dress,Dresses,Blue,Summer,2011.0,Casual,Gini and Jony Girl's Valerie Blue White Infant Kidswear,output_images\4932.png
7572,Men,apparel,Topwear,Tshirts,Orange,Summer,2011.0,Sports,Nike Men's As Miler UV SS Orange T-shirt,output_images\7572.png
4303,Unisex_Kids,apparel,Topwear,Tshirts,Green,Summer,2011.0,Casual,Tantra Kid's Unisex Pastime Green Kidswear,output_images\4303.png
8365,Girls,apparel,Topwear,Tshirts,Pink,Fall,2011.0,Casual,Doodle Girl's Happy Smiles Pink Kidswear,output_images\8365.png
4904,Girls,apparel,Topwear,Tops,White,Summer,2011.0,Casual,Palm Tree Girl's Billy White Green Kidswear,output_images\4904.png
7544,Women,apparel,Bottomwear,Capris,Grey,Summer,2011.0,Sports,Nike Women Classic Grey Capri,output_images\7544.png
5021,Boys,apparel,Topwear,Shirts,Red,Summer,2011.0,Casual,Levis Kids Boy's Calcio Grey Red Kidswear,output_images\5021.png
5445,Men,apparel,Topwear,Tshirts,White,Summer,2011.0,Casual,Nike Men's Training White T-shirt,output_images\5445.png
2694,Boys,apparel,Topwear,Shirts,Red,Summer,2011.0,Casual,Disney Kids Boy's Red Twofur Layered Kidswear,output_images\2694.png
10674,Girls,apparel,Topwear,Tops,White,Fall,2011.0,Casual,Doodle Girl Princess White Tops,output_images\10674.png
3322,Boys,apparel,Topwear,Tshirts,Blue,Summer,2011.0,Sports,KKR Boys Fangear Polo Jersey,output_images\3322.png
10022,Men,apparel,Topwear,Tshirts,Blue,Fall,2011.0,Sports,Nike Men Blue Polo Tshirts,output_images\10022.png
4903,Girls,apparel,Topwear,Tops,Pink,Summer,2011.0,Casual,Levis Kids Girl's Denise Pink Kidswear,output_images\4903.png
3325,Men,apparel,Topwear,Tshirts,Red,Summer,2011.0,Sports,KXIP Mens Take Down Jersey,output_images\3325.png
10025,Women,apparel,Topwear,Tshirts,Pink,Fall,2011.0,Sports,Nike Women As Element Ja Pink T-Shirt,output_images\10025.png
10673,Girls,apparel,Topwear,Tops,Black,Fall,2011.0,Casual,Doodle Girl Ballet School Black Tops,output_images\10673.png
2693,Boys,apparel,Topwear,Shirts,Yellow,Summer,2011.0,Casual,Disney Kids Boy's Yellow Kidswear,output_images\2693.png
5442,Women,apparel,Topwear,Tshirts,Blue,Summer,2011.0,Casual,Nike Women's Striped Polo Blue T-shirt,output_images\5442.png
7543,Men,apparel,Topwear,Tshirts,Black,Summer,2011.0,Sports,Nike Men's Purple Polo T-shirt,output_images\7543.png
4968,Boys,apparel,Topwear,Tshirts,Yellow,Summer,2011.0,Casual,Gini and Jony Boy's Kaffle Yellow Infant Kidswear,output_images\4968.png
5416,Girls,apparel,Topwear,Tshirts,White,Summer,2011.0,Casual,Ant Kids Girl's White Little Heart Kidswear,output_images\5416.png
7517,Men,apparel,Topwear,Tshirts,Yellow,Summer,2011.0,Sports,Nike Men's As Icon Yellow T-shirt,output_images\7517.png
4957,Boys,apparel,Topwear,Tshirts,White,Summer,2011.0,Casual,Gini and Jony Boy's King White Red Blue Kidswear,output_images\4957.png
2268,Women,apparel,Topwear,Sweatshirts,Grey,Fall,2010.0,Sports,Nike Grey Women Sweatshirt,output_images\2268.png
7528,Men,apparel,Topwear,Tshirts,Green,Summer,2011.0,Sports,Nike Men's FCB Auth Grap Light Green T-shirt,output_images\7528.png
4198,Boys,apparel,Topwear,Tshirts,Red,Summer,2011.0,Casual,Disney Kids Boy's Red Royal Sailing Kidswear,output_images\4198.png
4950,Boys,apparel,Bottomwear,Shorts,Blue,Summer,2011.0,Casual,Gini and Jony Boy's Kimon Blue Infant Bermuda Kidswear,output_images\4950.png
5427,Boys,apparel,Topwear,Tshirts,Red,Summer,2011.0,Casual,Ant Kids Boy's Red Cartoon Pop Kidswear,output_images\5427.png
2266,Women,apparel,Topwear,Tshirts,Green,Fall,2010.0,Sports,Nike Green Women T-shirt,output_images\2266.png
7526,Men,apparel,Topwear,Tshirts,Black,Summer,2011.0,Sports,Nike mens As Vapor SS black T-shirt,output_images\7526.png
2292,Women,apparel,Topwear,Tshirts,Black,Fall,2010.0,Sports,Nike Women Accuracy Black T-shirt,output_images\2292.png
4959,Boys,apparel,Topwear,Tshirts,Green,Summer,2011.0,Casual,Gini and Jony Boy's King Green White Brown Kidswear,output_images\4959.png
10040,Men,apparel,Topwear,Tshirts,White,Fall,2011.0,Sports,Nike Men White Polo Tshirts,output_images\10040.png
5418,Girls,apparel,Topwear,Tshirts,Pink,Summer,2011.0,Casual,Ant Kids Girl's Pink Free Bird Kidswear,output_images\5418.png
4966,Boys,apparel,Topwear,Tshirts,White,Summer,2011.0,Casual,Gini and Jony Boy's Kalkin White Brown Infant Kidswear,output_images\4966.png
2295,Women,apparel,Topwear,Tshirts,Pink,Fall,2010.0,Sports,Nike Women Cruiser Pink T-shirt,output_images\2295.png
5420,Boys,apparel,Topwear,Tshirts,Blue,Summer,2011.0,Casual,Ant Kids Boy's Love This Game Blue Kidswear,output_images\5420.png
4961,Boys,apparel,Topwear,Tshirts,Blue,Summer,2011.0,Casual,Gini and Jony Boy's Karsen Blue White Kidswear,output_images\4961.png
7565,Men,apparel,Topwear,Tshirts,Grey,Summer,2011.0,Sports,Nike Men's Grey Polo T-Shirt,output_images\7565.png
4314,Unisex_Kids,apparel,Topwear,Tshirts,White,Summer,2011.0,Casual,Tantra Kid's Unisex 3 Elephants White Kidswear,output_images\4314.png
4925,Girls,apparel,Topwear,Tops,Green,Summer,2011.0,Casual,Gini and Jony Girl's Valencia Green Blue Kidswear,output_images\4925.png
4313,Unisex_Kids,apparel,Topwear,Tshirts,Pink,Summer,2011.0,Casual,Tantra Kid's Unisex Elephant Pink Kidswear,output_images\4313.png
7562,Men,apparel,Topwear,Tshirts,Black,Summer,2011.0,Sports,Nike Men's As T90 Ss Top T-Shirt,output_images\7562.png
4922,Girls,apparel,Topwear,Tshirts,White,Summer,2011.0,Casual,Gini and Jony Girl's Viona Pack of 3 Tee Infant Kidswear,output_images\4922.png
10032,Men,apparel,Topwear,Tshirts,Black,Fall,2011.0,Sports,Nike Men AS FCB Core T Black T-shirts,output_images\10032.png
3332,Boys,apparel,Topwear,Tshirts,Red,Summer,2011.0,Sports,RCB Boys Fangear Tee,output_images\3332.png
4325,Unisex_Kids,apparel,Topwear,Tshirts,Blue,Summer,2011.0,Casual,Tantra Kid's Unisex Stop Turqoise Kidswear,output_images\4325.png
10664,Boys,apparel,Topwear,Tshirts,Yellow,Fall,2011.0,Casual,Doodle Boy Rockstar-sing it Yellow Tshirts,output_images\10664.png
7554,Men,apparel,Topwear,Tshirts,Blue,Summer,2011.0,Sports,Nike Men's As Walkthrough Black-Grey T-shirt,output_images\7554.png
8381,Girls,apparel,Topwear,Tshirts,Purple,Fall,2011.0,Casual,Doodle Girl's Raw Edges Purple Teen Kidswear,output_images\8381.png
4914,Girls,apparel,Topwear,Tops,White,Summer,2011.0,Casual,Gini and Jony Girl's Gloria White Peach Kidswear,output_images\4914.png
8375,Girls,apparel,Topwear,Tshirts,Blue,Fall,2011.0,Casual,Doodle Girl's Dont Worry Hippie Blue Teen Kidswear,output_images\8375.png
7553,Men,apparel,Bottomwear,Track Pants,Black,Summer,2011.0,Sports,Nike Men's Ope Black Track Pant,output_images\7553.png
4322,Unisex_Kids,apparel,Topwear,Tshirts,Green,Summer,2011.0,Casual,Tantra Kid's Unisex Mummy Aqua Green Kidswear,output_images\4322.png
8372,Girls,apparel,Topwear,Tshirts,Blue,Fall,2011.0,Casual,Doodle Girl's Dont Worry Hippie Teal Blue Kidswear,output_images\8372.png
4913,Girls,apparel,Topwear,Tops,Pink,Summer,2011.0,Casual,Levis Kids Girl's Diane Pink Kidswear,output_images\4913.png
5439,Men,apparel,Topwear,Tshirts,Red,Summer,2011.0,Sports,Nike Men's Red Polo T-shirt,output_images\5439.png
7538,Men,apparel,Topwear,Tshirts,Black,Summer,2011.0,Sports,Nike Men's As Swoosh T-Shirt,output_images\7538.png
2278,Men,apparel,Topwear,Tshirts,White,Fall,2010.0,Sports,Nike Mens Sphere White T-shirt,output_images\2278.png
4947,Boys,apparel,Topwear,Tshirts,White,Summer,2011.0,Casual,Gini and Jony Boy's Kanon White Blue Kidswear,output_images\4947.png
4978,Boys,apparel,Bottomwear,Jeans,Blue,Summer,2011.0,Casual,Gini and Jony Boy's Kang Jeans Kidswear,output_images\4978.png
4940,Boys,apparel,Bottomwear,Jeans,Blue,Summer,2011.0,Casual,Gini and Jony Boys Karnel Jeans,output_images\4940.png
4976,Boys,apparel,Topwear,Tshirts,Red,Summer,2011.0,Casual,Gini and Jony Boy's Kent Pack of 3 Infant Tee Kidswear,output_images\4976.png
4982,Girls,apparel,Topwear,Tops,Peach,Summer,2011.0,Casual,Palm Tree Girl's Billy Peach Kidswear,output_images\4982.png
7509,Women,apparel,Topwear,Tshirts,Blue,Summer,2011.0,Sports,Nike Women's Line 9 Turquoise Blue T-shirt,output_images\7509.png
4949,Boys,apparel,Bottomwear,Shorts,Blue,Summer,2011.0,Casual,Gini and Jony Boy's Kimon Blue Bermuda Kidswear,output_images\4949.png
2282,Men,apparel,Topwear,Tshirts,Grey,Fall,2010.0,Sports,Nike Men Grey T-shirt,output_images\2282.png
7536,Men,apparel,Topwear,Tshirts,White,Summer,2011.0,Sports,Nike Men's AS SS Trainin White T-shirt,output_images\7536.png
2276,Men,apparel,Topwear,Tshirts,Blue,Fall,2010.0,Sports,Nike Mens Challenger Graphic Blue T-shirt,output_images\2276.png
5437,Men,apparel,Topwear,Tshirts,White,Summer,2011.0,Sports,Nike Men's Swoosh White T-shirt,output_images\5437.png
4971,Boys,apparel,Topwear,Shirts,Green,Summer,2011.0,Casual,Gini and Jony Boy's Kangaroo Green White Infant Kidswear,output_images\4971.png
5430,Boys,apparel,Topwear,Shirts,Green,Summer,2011.0,Casual,Ant Kids Boy's White Check Kidswear,output_images\5430.png
2271,Men,apparel,Topwear,Tshirts,Red,Fall,2010.0,Sports,Nike Mens Red Polo T-shirt,output_images\2271.png
7531,Men,apparel,Topwear,Tshirts,Black,Summer,2011.0,Sports,Nike Men's AS SS Trainin Black T-shirt,output_images\7531.png
2285,Men,apparel,Topwear,Tshirts,Purple,Fall,2010.0,Sports,Nike Men Lavender T-shirt,output_images\2285.png
10662,Boys,apparel,Topwear,Tshirts,Red,Fall,2011.0,Casual,Doodle Boy Travel Red Tshirts,output_images\10662.png
10034,Women,apparel,Topwear,Tshirts,Black,Fall,2011.0,Sports,Nike Women As Element Ja Black T-Shirt,output_images\10034.png
4323,Unisex_Kids,apparel,Topwear,Tshirts,Green,Summer,2011.0,Casual,Tantra Kid's Unisex Ice Cream Aqua Green Kidswear,output_images\4323.png
7552,Men,apparel,Topwear,Tshirts,Orange,Summer,2011.0,Sports,Nike Men's SS Too Fast Orange T-shirt,output_images\7552.png
4912,Girls,apparel,Topwear,Tops,Pink,Summer,2011.0,Casual,Levis Kids Girls Diane Pink Top,output_images\4912.png
7555,Men,apparel,Topwear,Tshirts,Yellow,Summer,2011.0,Sports,Nike Men's Arsenal Core Yellow T-shirt,output_images\7555.png
4324,Unisex_Kids,apparel,Topwear,Tshirts,Orange,Summer,2011.0,Casual,Tantra Kid's Unisex Fault Brick Orange Kidswear,output_images\4324.png
10033,Men,apparel,Bottomwear,Shorts,Navy Blue,Fall,2011.0,Sports,Nike Men As Ad Breakli Navy Blue Shorts,output_images\10033.png
10665,Boys,apparel,Topwear,Tshirts,Black,Fall,2011.0,Casual,Doodle Boy Extream Racer Black Tshirts,output_images\10665.png
8380,Girls,apparel,Topwear,Tops,Purple,Fall,2011.0,Casual,Doodle Girls Purple Printed Top,output_images\8380.png
4915,Girls,apparel,Topwear,Tops,White,Summer,2011.0,Casual,Gini and Jony Girl's Vollie White Kidswear,output_images\4915.png
7563,Men,apparel,Topwear,Tshirts,Navy Blue,Summer,2011.0,Sports,Nike Men's As Spher Navy Blue T-shirt,output_images\7563.png
4312,Unisex_Kids,apparel,Topwear,Tshirts,Orange,Summer,2011.0,Casual,Tantra Kid's Unisex Yantra Om Orange Kidswear,output_images\4312.png
10005,Men,apparel,Topwear,Tshirts,Blue,Fall,2011.0,Sports,Nike Men As Ss Trainin Blue T-Shirts,output_images\10005.png
4923,Girls,apparel,Topwear,Tops,White,Summer,2011.0,Casual,Gini and Jony Girl's Velia White Peach Kidswear,output_images\4923.png
4315,Unisex_Kids,apparel,Topwear,Tshirts,Brown,Summer,2011.0,Casual,Tantra Kid's Unisex Harappa Choco Brown Kidswear,output_images\4315.png
7590,Men,apparel,Topwear,Tshirts,Black,Summer,2011.0,Sports,Nike Men's As Read Black T-shirt,output_images\7590.png
7564,Men,apparel,Topwear,Tshirts,Blue,Summer,2011.0,Sports,Nike Men's Teal Blue Polo T-shirt,output_images\7564.png
4924,Girls,apparel,Topwear,Tops,White,Summer,2011.0,Casual,Gini and Jony Girl's Velia White Peach Infant Kidswear,output_images\4924.png
4970,Boys,apparel,Topwear,Tshirts,Blue,Summer,2011.0,Casual,Gini and Jony Boy's Kay Blue Infant Kidswear,output_images\4970.png
4984,Girls,apparel,Dress,Dresses,White,Summer,2011.0,Casual,Palm Tree Girls Beyonce White & Blue Dress,output_images\4984.png
2284,Men,apparel,Topwear,Tshirts,Yellow,Fall,2010.0,Sports,Nike Men Yellow T-shirt,output_images\2284.png
5431,Boys,apparel,Topwear,Shirts,Pink,Summer,2011.0,Casual,Ant Kids Boy's Pink Check Kidswear,output_images\5431.png
7530,Men,apparel,Topwear,Tshirts,Yellow,Summer,2011.0,Sports,Nike Men's Ss Training Yellow T-shirt,output_images\7530.png
2270,Women,apparel,Topwear,Tshirts,Pink,Fall,2010.0,Casual,Nike JDI Pink Women T-shirt,output_images\2270.png
7508,Men,apparel,Topwear,Tshirts,White,Summer,2011.0,Sports,Nike Men's T90 Ss White T-shirt,output_images\7508.png
4983,Girls,apparel,Dress,Dresses,White,Summer,2011.0,Casual,Palm Tree Girl's Blenda White Pink Kidswear,output_images\4983.png
4977,Boys,apparel,Bottomwear,Jeans,Blue,Summer,2011.0,Casual,Gini and Jony Boy's Kang Jeans Infant Kidswear,output_images\4977.png
7537,Men,apparel,Bottomwear,Track Pants,Grey,Summer,2011.0,Sports,Nike Men's Classic Fresh Grey Track Pant,output_images\7537.png
5436,Men,apparel,Topwear,Tshirts,Grey,Summer,2011.0,Sports,Nike Men's Swoosh Grey T-shirt,output_images\5436.png
4948,Boys,apparel,Topwear,Tshirts,White,Summer,2011.0,Casual,Gini and Jony Boy's Kanon White Blue Infant Kidswear,output_images\4948.png
2283,Men,apparel,Topwear,Tshirts,Black,Spring,2014.0,Sports,Nike Men Poly Black T-shirt,output_images\2283.png
4941,Boys,apparel,Topwear,Tshirts,Red,Summer,2011.0,Casual,Gini and Jony Boy's Kane Red White Infant Kidswear,output_images\4941.png
4946,Boys,apparel,Topwear,Tshirts,White,Summer,2011.0,Casual,Gini and Jony Boy's Kaniel White Yellow Infant Kidswear,output_images\4946.png
5438,Girls,apparel,Topwear,Tshirts,Blue,Summer,2011.0,Casual,Ant Kids Girl's Humming Birds Blue Kidswear,output_images\5438.png
2279,Men,apparel,Topwear,Tshirts,Red,Fall,2010.0,Sports,Nike Mens Nike Sphere Red T-shirt,output_images\2279.png
7539,Men,apparel,Topwear,Tshirts,White,Summer,2011.0,Sports,Nike Men's White Polo T-shirt,output_images\7539.png
4979,Girls,apparel,Topwear,Tops,Pink,Summer,2011.0,Casual,Palm Tree Girl's Betty Pink Kidswear,output_images\4979.png
2622,Men,apparel,Topwear,Tshirts,Blue,Fall,2010.0,Sports,Nike Mens Bleed Blue Team India T-shirt,output_images\2622.png
4205,Boys,apparel,Topwear,Tshirts,Red,Summer,2011.0,Casual,Disney Kids Boy's Red Mickey Since 1928 Tee Kidswear,output_images\4205.png
9989,Men,apparel,Topwear,Tshirts,Black,Fall,2011.0,Sports,Nike Men As Ss Cruiser Black T-Shirts,output_images\9989.png
4202,Boys,apparel,Topwear,Tshirts,Navy Blue,Summer,2011.0,Casual,Disney Kids Boy's Navy Crew Sea Life Sialing Kidswear,output_images\4202.png
9973,Men,apparel,Topwear,Sweatshirts,White,Fall,2011.0,Sports,Nike Men As Arsenal Co White Sweatshirts,output_images\9973.png
4462,Men,apparel,Topwear,Jackets,Black,Summer,2011.0,Sports,Nike Men Track Black Jacket,output_images\4462.png
9987,Men,apparel,Topwear,Tshirts,Yellow,Fall,2011.0,Sports,Nike Men Laced Crew Yellow T-Shirts,output_images\9987.png
2305,Women,apparel,Topwear,Tshirts,Blue,Fall,2010.0,Sports,Nike Women Blue Polo T-shirt,output_images\2305.png
1913,Men,apparel,Topwear,Tshirts,Black,Fall,2010.0,Sports,Nike Mens Seize Victory Black T-shirt,output_images\1913.png
2302,Women,apparel,Topwear,Tshirts,White,Fall,2010.0,Sports,Nike Women Icon SS White T-shirt,output_images\2302.png
9980,Men,apparel,Topwear,Jackets,Black,Fall,2011.0,Sports,Nike Men As Sideline J Black Jackets,output_images\9980.png
4465,Boys,apparel,Topwear,Tshirts,Red,Summer,2011.0,Casual,Disney Boy's Marked Red Teen Kidswear,output_images\4465.png
9974,Men,apparel,Topwear,Tshirts,Black,Fall,2011.0,Sports,Nike Men Black Polo Tshirts,output_images\9974.png
9547,Men,apparel,Topwear,Tshirts,Grey,Summer,2011.0,Sports,Nike Men Manu Cshss Training Grey T-Shirts,output_images\9547.png
10719,Women,apparel,Bottomwear,Capris,Blue,Fall,2011.0,Casual,Nike Women Training Blue Capris,output_images\10719.png
2732,Girls,apparel,Topwear,Tops,White,Summer,2011.0,Casual,Disney Kids Girl's White Round Neck Kidswear,output_images\2732.png
4869,Boys,apparel,Topwear,Tshirts,Orange,Summer,2016.0,Casual,Levis Kids Boy's Orange Polo Tshirt,output_images\4869.png
9540,Men,apparel,Topwear,Tshirts,Red,Summer,2011.0,Sports,Nike Men Asss Crusier Graphic Red T-Shirts,output_images\9540.png
10721,Men,apparel,Topwear,Tshirts,White,Fall,2011.0,Sports,Nike Men Runng Mens tshirt White Tshirts,output_images\10721.png
4867,Men,apparel,Topwear,Tshirts,Red,Summer,2011.0,Sports,Nike Men Manchester United Red Jersey,output_images\4867.png
4893,Girls,apparel,Topwear,Tshirts,Green,Summer,2011.0,Casual,Levis Kids Girl's Diaz Green Polo Tshirt,output_images\4893.png
9549,Men,apparel,Topwear,Tshirts,Green,Summer,2011.0,Casual,Nike Men Green Polo Tshirts,output_images\9549.png
2703,Girls,apparel,Topwear,Tops,Pink,Summer,2011.0,Casual,Disney Kids Girl's Check Pink Kidswear,output_images\2703.png
4894,Girls,apparel,Topwear,Tops,Pink,Summer,2011.0,Casual,Levis Kids Girl's Darla Pink Teens Kidswear,output_images\4894.png
2704,Girls,apparel,Dress,Dresses,White,Summer,2011.0,Casual,Disney Kids Girl's White Pooh Kidswear,output_images\2704.png
10710,Women,apparel,Topwear,Tshirts,Orange,Fall,2011.0,Casual,Nike Women Trainng short sleeve tshirt Orange Tshirts,output_images\10710.png
9975,Men,apparel,Topwear,Tshirts,Red,Fall,2011.0,Sports,Nike Men Red Polo Tshirts,output_images\9975.png
4464,Boys,apparel,Topwear,Tshirts,Red,Summer,2011.0,Casual,Disney Boy's Jack Sparrow Fight Red Teen Kidswear,output_images\4464.png
2303,Women,apparel,Topwear,Tshirts,Pink,Fall,2010.0,Sports,Nike Women Icon SS Pink T-shirt,output_images\2303.png
9981,Men,apparel,Topwear,Jackets,Blue,Fall,2011.0,Sports,Nike Men As Sideline J Blue Jackets,output_images\9981.png
9986,Men,apparel,Topwear,Tshirts,Blue,Fall,2011.0,Sports,Nike Men Tnfl Crew Blue T-Shirts,output_images\9986.png
2304,Men,apparel,Topwear,Tshirts,Red,Summer,2011.0,Sports,Nike Men's Manchester United Red T-shirt,output_images\2304.png
9972,Women,apparel,Topwear,Tshirts,Pink,Fall,2011.0,Sports,Nike Women As Foxy Ss Cr Pink T-Shirts,output_images\9972.png
1912,Men,apparel,Topwear,Tshirts,White,Fall,2010.0,Sports,Nike Mens Running White T-shirt,output_images\1912.png
4203,Boys,apparel,Topwear,Tshirts,Blue,Summer,2011.0,Casual,Disney Kids Boy's Blue Regatta Annual Competition Kidswear,output_images\4203.png
4204,Boys,apparel,Topwear,Tshirts,White,Summer,2011.0,Casual,Disney Kids Boy's White Regatta Annual Competition Kidswear,output_images\4204.png
9988,Men,apparel,Topwear,Tshirts,Blue,Fall,2011.0,Sports,Nike Men As Rafa Ace T Blue T-Shirts,output_images\9988.png
4895,Girls,apparel,Topwear,Tops,Pink,Summer,2011.0,Casual,Levis Kids Girl's Darla Pink Kidswear,output_images\4895.png
10711,Women,apparel,Topwear,Tshirts,White,Fall,2011.0,Casual,Nike Women White Casual T-shirt,output_images\10711.png
2705,Girls,apparel,Dress,Dresses,Blue,Summer,2011.0,Casual,Disney Kids Girl's Blue Pooh Blouse Kidswear,output_images\2705.png
4892,Girls,apparel,Topwear,Tshirts,Green,Summer,2011.0,Casual,Levis Kids Girl's Diaz Green Polo Tshirt,output_images\4892.png
2702,Girls,apparel,Topwear,Shirts,Blue,Summer,2011.0,Casual,Disney Kids Girl's Blue Check Kidswear Shirt,output_images\2702.png
9548,Men,apparel,Topwear,Tshirts,Grey,Summer,2013.0,Casual,Nike Men Grey Polo Tshirts,output_images\9548.png
9541,Men,apparel,Topwear,Tshirts,Black,Summer,2011.0,Sports,Nike Men Manu Auth Graphic Black T-Shirts,output_images\9541.png
10720,Men,apparel,Bottomwear,Shorts,White,Summer,2011.0,Sports,Nike Men Ftbll/Socc shorts White Shorts,output_images\10720.png
9546,Men,apparel,Topwear,Tshirts,Purple,Fall,2011.0,Sports,Nike Men As Elite Ultimate Ss Training Purple T-Shirts,output_images\9546.png
4868,Boys,apparel,Topwear,Tshirts,Orange,Summer,2016.0,Casual,Levis Kids Boy's Darby Orange Polo Tshirt,output_images\4868.png
2711,Girls,apparel,Dress,Dresses,Pink,Summer,2011.0,Casual,Disney Kids Girl's Halter Neck Pink Kidswear,output_images\2711.png
4875,Boys,apparel,Topwear,Tshirts,Red,Summer,2016.0,Casual,Levis Kids Boy's Davis White Polo Tshirt,output_images\4875.png
4881,Boys,apparel,Topwear,Tshirts,White,Summer,2016.0,Casual,Levis Kids Boy's Dustin White Black Kidswear,output_images\4881.png
2716,Girls,apparel,Topwear,Tops,Red,Summer,2011.0,Casual,Disney Kids Girl's Minnie Red Stripped Kidswear,output_images\2716.png
4886,Girls,apparel,Topwear,Tops,Pink,Summer,2011.0,Casual,Levis Kids Girl's Dana Pink Teens Kidswear,output_images\4886.png
4872,Boys,apparel,Topwear,Tshirts,Grey,Summer,2016.0,Casual,Levis Kids Boy's Danio Grey Teens Kidswear,output_images\4872.png
2720,Boys,apparel,Bottomwear,Trousers,Blue,Summer,2011.0,Casual,Disney Kids Boy's Mickey Mouse Print Pants,output_images\2720.png
9555,Men,apparel,Topwear,Tshirts,Blue,Fall,2011.0,Sports,Nike Men Asem Cricket Crazy Blue T-Shirts,output_images\9555.png
4888,Girls,apparel,Topwear,Tops,White,Summer,2011.0,Casual,Levis Kids Girl's Dionne White Teens Kidswear,output_images\4888.png
2727,Boys,apparel,Topwear,Tshirts,Yellow,Summer,2011.0,Casual,Disney Kids Boy's Yellow Polo Tshirt,output_images\2727.png
9552,Men,apparel,Topwear,Tshirts,Red,Summer,2011.0,Sports,Nike Men As Race Day Ss Red T-Shirts,output_images\9552.png
2718,Girls,apparel,Topwear,Tops,Red,Summer,2011.0,Casual,Disney Kids Girl's Red Pooh Kidswear,output_images\2718.png
4219,Boys,apparel,Topwear,Tshirts,Orange,Summer,2011.0,Casual,Disney Kids Boy's Orange Colour Blast Kidswear,output_images\4219.png
9961,Men,apparel,Topwear,Tshirts,White,Fall,2011.0,Sports,Nike Men Medals Crew White T-Shirts,output_images\9961.png
9539,Men,apparel,Topwear,Tshirts,Blue,Summer,2011.0,Sports,Nike Men Asss Crusier Graphic Blue T-Shirts,output_images\9539.png
9959,Men,apparel,Topwear,Tshirts,Red,Fall,2011.0,Sports,Nike Men As Ss Challen Red T-Shirts,output_images\9959.png
9992,Men,apparel,Topwear,Sweatshirts,Navy Blue,Fall,2011.0,Sports,Nike Men As Squad Flc Navy Blue Sweatshirts,output_images\9992.png
2310,Men,apparel,Topwear,Tshirts,Red,Fall,2010.0,Sports,Nike Mens Raffel Red T-shirt,output_images\2310.png
9966,Women,apparel,Topwear,Tshirts,White,Fall,2011.0,Sports,Nike Women As Statement White T-Shirts,output_images\9966.png
9537,Men,apparel,Topwear,Tshirts,Black,Summer,2011.0,Sports,Nike Men As Goaline Ss Black T-Shirts,output_images\9537.png
2742,Girls,apparel,Topwear,Tops,White,Summer,2011.0,Casual,Disney Kids Girl's White Minnie & Red Kidswear,output_images\2742.png
4217,Girls,apparel,Topwear,Tshirts,Blue,Summer,2011.0,Casual,Disney Kids Girl's Blue Disney Jeans Kidswear,output_images\4217.png
9968,Men,apparel,Topwear,Tshirts,Black,Fall,2011.0,Sports,Nike Men As The Kobe O Black T-Shirts,output_images\9968.png
9530,Men,apparel,Topwear,Tshirts,White,Fall,2011.0,Sports,Nike Men Coolfitted White T-Shirts,output_images\9530.png
4210,Boys,apparel,Topwear,Tshirts,Blue,Summer,2011.0,Casual,Disney Kids Boy's Blue Mickey Mouse Kidswear,output_images\4210.png
9957,Men,apparel,Topwear,Tshirts,White,Fall,2011.0,Sports,Nike Men Arsenal Authe White T-Shirts,output_images\9957.png
4889,Girls,apparel,Topwear,Tops,White,Summer,2011.0,Casual,Levis Kids Girl's Dionne White Kidswear,output_images\4889.png
2719,Boys,apparel,Bottomwear,Trousers,Blue,Summer,2011.0,Casual,Disney Kids Boy's Tiger Print Denim Pants,output_images\2719.png
9553,Men,apparel,Topwear,Tshirts,Black,Summer,2011.0,Casual,Nike Men As Ad Badge Black T-Shirts,output_images\9553.png
9554,Men,apparel,Topwear,Tshirts,Blue,Summer,2011.0,Casual,Nike Men As Sport Mascot Blue T-Shirts,output_images\9554.png
2717,Girls,apparel,Topwear,Tops,Blue,Summer,2011.0,Casual,Disney Kids Girls  Kidswear,output_images\2717.png
4873,Boys,apparel,Topwear,Tshirts,Grey,Summer,2016.0,Casual,Levis Kids Boy's Danio Grey Kidswear,output_images\4873.png
2728,Girls,apparel,Topwear,Tops,Pink,Summer,2011.0,Casual,Disney Kids Girl's Pink & White Pooh Kidswear,output_images\2728.png
4887,Girls,apparel,Topwear,Tops,Pink,Summer,2011.0,Casual,Levis Kids Girl's Dana Pink Kidswear,output_images\4887.png
2710,Girls,apparel,Dress,Dresses,White,Summer,2011.0,Casual,Disney Kids Girl's White Daisy Kidswear,output_images\2710.png
4880,Boys,apparel,Topwear,Tshirts,White,Summer,2016.0,Casual,Levis Kids Boy's Dustin White Teens Kidswear,output_images\4880.png
4874,Boys,apparel,Topwear,Tshirts,Red,Summer,2016.0,Casual,Levis Kids Boy's Davis Red Polo Tshirt,output_images\4874.png
9969,Men,apparel,Topwear,Tshirts,Navy Blue,Fall,2011.0,Sports,Nike Men As Kobe Hunt Navy Blue T-Shirts,output_images\9969.png
9531,Men,apparel,Topwear,Jackets,Purple,Fall,2011.0,Sports,Nike Men Summerized Wind Runner White Jackets,output_images\9531.png
4211,Boys,apparel,Topwear,Tshirts,Blue,Summer,2011.0,Casual,Disney Kids Boy's Blue Donald Kidswear,output_images\4211.png
9956,Men,apparel,Topwear,Tshirts,Blue,Fall,2011.0,Sports,Nike Men Manu Train Blue Tshirts,output_images\9956.png
1909,Men,apparel,Topwear,Tshirts,Blue,Fall,2010.0,Sports,Nike Mens Classic Sportswear T-shirt,output_images\1909.png
9536,Men,apparel,Topwear,Tshirts,Grey,Summer,2011.0,Casual,Nike Men White Polo Tshirts,output_images\9536.png
4216,Girls,apparel,Topwear,Tshirts,Yellow,Summer,2011.0,Casual,Disney Kids Girl's Yellow Fun In The Fair Kidswear,output_images\4216.png
9958,Men,apparel,Topwear,Tshirts,Red,Fall,2011.0,Sports,Nike Men Arsenal Ss Tr Red Jersey,output_images\9958.png
1907,Men,apparel,Topwear,Tshirts,Black,Fall,2010.0,Sports,Nike Mens Classic Black T-shirt,output_images\1907.png
9967,Men,apparel,Bottomwear,Track Pants,Black,Fall,2011.0,Sports,Nike Men Ad Breakline Black Track Pants,output_images\9967.png
2311,Women,apparel,Topwear,Tshirts,Pink,Fall,2010.0,Sports,Nike Womens Pink T-shirt,output_images\2311.png
4218,Girls,apparel,Topwear,Tshirts,Purple,Summer,2011.0,Casual,Disney Kids Girl's Purple Disney Jeans Kidswear,output_images\4218.png
2316,Men,apparel,Topwear,Tshirts,Green,Fall,2010.0,Sports,Nike Mens Athletic Green T-shirt,output_images\2316.png
9960,Men,apparel,Topwear,Tshirts,Black,Fall,2011.0,Sports,Nike Men Jdi Remix Crew Black T-Shirts,output_images\9960.png
9538,Men,apparel,Topwear,Tshirts,Black,Fall,2011.0,Casual,Nike Men As Nike Sphere Ss Black T-Shirts,output_images\9538.png
2290,Women,apparel,Topwear,Tshirts,Pink,Fall,2010.0,Sports,Nike Women SS Pink T-shirt,output_images\2290.png
10042,Women,apparel,Topwear,Tshirts,Pink,Fall,2011.0,Sports,Nike Women Pink Polo Tshirts,output_images\10042.png
5425,Boys,apparel,Topwear,Shirts,Maroon,Summer,2011.0,Casual,Ant Kids Boys's Anytime Maroon White Kidswear,output_images\5425.png
7524,Men,apparel,Topwear,Tshirts,Grey,Summer,2011.0,Sports,Nike Men's AS SS Trainin T-shirt,output_images\7524.png
4964,Boys,apparel,Topwear,Tshirts,Blue,Summer,2011.0,Casual,Gini and Jony Boy's Karl Blue White Infant Kidswear,output_images\4964.png
5422,Boys,apparel,Topwear,Tshirts,Grey,Summer,2011.0,Casual,Ant Kids Boy's Blue Grey Kidswear,output_images\5422.png
2297,Women,apparel,Topwear,Tshirts,Pink,Fall,2010.0,Sports,Nike Women DPT Pink T-shirt,output_images\2297.png
4963,Boys,apparel,Topwear,Tshirts,Blue,Summer,2011.0,Casual,Gini and Jony Boy's Karl Blue White Kidswear,output_images\4963.png
5414,Girls,apparel,Topwear,Tops,Purple,Summer,2011.0,Casual,Ant Kids Girl's Purple Top With Sequins Kidswear,output_images\5414.png
4955,Boys,apparel,Topwear,Shirts,Red,Summer,2011.0,Casual,Gini and Jony Boy's Kaiser Red Blue Kidswear,output_images\4955.png
7512,Women,apparel,Topwear,Tshirts,Black,Summer,2011.0,Sports,Nike Women's Black Polo T-shirt,output_images\7512.png
5413,Girls,apparel,Topwear,Tops,Pink,Summer,2011.0,Casual,Ant Kids Girl's Pink White Check Top Kidswear,output_images\5413.png
2299,Women,apparel,Topwear,Tshirts,Purple,Fall,2010.0,Sports,Nike Women Purple Polo T-shirt,output_images\2299.png
4952,Boys,apparel,Bottomwear,Shorts,Black,Summer,2011.0,Casual,Gini and Jony Boy's Kimon Black Bermuda Infant Kidswear,output_images\4952.png
4906,Girls,apparel,Bottomwear,Capris,Blue,Summer,2011.0,Casual,Palm Tree Girl's Belen Pedal Pusher Kidswear,output_images\4906.png
4308,Unisex_Kids,apparel,Topwear,Tshirts,Red,Summer,2011.0,Casual,Tantra Kid's Unisex Meet My Daddy Red Kidswear,output_images\4308.png
8367,Girls,apparel,Topwear,Tshirts,Pink,Fall,2011.0,Casual,Doodle Girl's I Love My Bicycle Pink Kidswear,output_images\8367.png
7579,Men,apparel,Topwear,Tshirts,Grey,Summer,2011.0,Sports,Nike Men's As Repeat Grey T-shirt,output_images\7579.png
10676,Girls,apparel,Topwear,Tops,Red,Fall,2011.0,Casual,Doodle Girl Bubbles Red Tops,output_images\10676.png
1645,Men,apparel,Topwear,Tshirts,Black,Fall,2010.0,Sports,Kipsta Men Loose Fit Round Neck Jersey Black,output_images\1645.png
3320,Men,apparel,Topwear,Tshirts,Blue,Summer,2011.0,Sports,KKR Mens Take Down Jersey,output_images\3320.png
4939,Boys,apparel,Bottomwear,Jeans,Blue,Summer,2011.0,Casual,Gini and Jony Boy's Karnel Jeans Kidswear,output_images\4939.png
10020,Men,apparel,Bottomwear,Shorts,Black,Summer,2012.0,Sports,Nike Men Black & White Reversible Shorts,output_images\10020.png
7546,Men,apparel,Topwear,Tshirts,Pink,Summer,2011.0,Sports,Nike Men's As Emb Sneaker T-Shirts,output_images\7546.png
5023,Boys,apparel,Topwear,Shirts,Red,Summer,2011.0,Casual,Levis Kids Boy's Chad Red Kidswear,output_images\5023.png
8358,Girls,apparel,Topwear,Tshirts,Blue,Fall,2011.0,Casual,Doodle Girl's Princess Cute Little Light Blue Kidswear,output_images\8358.png
5447,Boys,apparel,Topwear,Shirts,Black,Summer,2011.0,Casual,Ant Kids Boy's Anytime Check Black Shirt Kidswear,output_images\5447.png
8360,Girls,apparel,Topwear,Tshirts,Yellow,Fall,2011.0,Casual,Doodle Girl's Tonight Night Rock Yellow Pink Kidswear,output_images\8360.png
4901,Girls,apparel,Topwear,Tops,Pink,Summer,2011.0,Casual,Levis Kids Girl's Desiree Pink Kidswear,output_images\4901.png
10018,Men,apparel,Bottomwear,Shorts,Black,Fall,2012.0,Sports,Nike Men Black Three Quarter Track Pants,output_images\10018.png
3318,Men,apparel,Topwear,Tshirts,Yellow,Summer,2011.0,Sports,CSK Mens Fangear Tee,output_images\3318.png
5440,Men,apparel,Topwear,Tshirts,Yellow,Summer,2011.0,Casual,Nike Men's Club Pique Polo Med Yellow White T-shirt,output_images\5440.png
5024,Boys,apparel,Topwear,Shirts,White,Summer,2011.0,Casual,Levis Kids Boy's Caspian White Kidswear,output_images\5024.png
7541,Men,apparel,Topwear,Tshirts,Black,Summer,2011.0,Sports,Nike Men's Manu Core Black T-shirt,output_images\7541.png
3327,Boys,apparel,Topwear,Tshirts,Red,Summer,2011.0,Sports,KXIP Boys Fangear Polo Jersey,output_images\3327.png
10027,Women,apparel,Topwear,Tshirts,White,Fall,2011.0,Sports,Nike Women's White Tshirt,output_images\10027.png
4330,Unisex_Kids,apparel,Topwear,Tshirts,Blue,Summer,2011.0,Casual,Tantra Kid's Unisex Caution Blue Kidswear,output_images\4330.png
10671,Boys,apparel,Bottomwear,Shorts,Green,Fall,2011.0,Casual,Doodle Boy Army  Green Shorts,output_images\10671.png
8356,Boys,apparel,Topwear,Tshirts,Black,Fall,2011.0,Casual,Doodle Boy's End Is Just Begining Black Kidswear,output_images\8356.png
5449,Men,apparel,Topwear,Tshirts,Orange,Summer,2011.0,Sports,Nike Men's Race Day T-shirt,output_images\5449.png
7548,Men,apparel,Topwear,Tshirts,Black,Summer,2011.0,Sports,Nike Men's As Walkthrough Black T-shirt,output_images\7548.png
4937,Boys,apparel,Topwear,Tshirts,Grey,Summer,2011.0,Casual,Gini and Jony Boy's Kaden Grey Blue Kidswear,output_images\4937.png
10678,Girls,apparel,Topwear,Tops,White,Fall,2011.0,Casual,Doodle Girl Super stylish White Tops,output_images\10678.png
7577,Men,apparel,Topwear,Tshirts,Black,Summer,2011.0,Sports,Nike Men's As Cruiser Black T-shirt,output_images\7577.png
8369,Girls,apparel,Topwear,Tshirts,Purple,Fall,2011.0,Casual,Doodle Girl's Purple Halter Neck Purple Kidswear,output_images\8369.png
4908,Girls,apparel,Topwear,Tops,Red,Summer,2011.0,Casual,Levis Kids Girl's Darcy Red Teens Kidswear,output_images\4908.png
7583,Men,apparel,Topwear,Tshirts,White,Summer,2011.0,Sports,Nike Men's As Cruiser T-Shirts,output_images\7583.png
4306,Unisex_Kids,apparel,Topwear,Tshirts,Brown,Summer,2011.0,Casual,Tantra Kid's Unisex 5 Elements Choco Brown Kidswear,output_images\4306.png
3329,Boys,apparel,Topwear,Tshirts,Red,Summer,2011.0,Sports,KXIP Boys Fangear Tee,output_images\3329.png
10029,Women,apparel,Topwear,Sweatshirts,Navy Blue,Fall,2011.0,Sports,Nike Women As Script Mas Navy Blue Sweatshirts,output_images\10029.png
4930,Girls,apparel,Bottomwear,Skirts,Blue,Summer,2011.0,Casual,Gini and Jony Girl's Vanida Blue Dungree Infant Kidswear,output_images\4930.png
8351,Boys,apparel,Topwear,Tshirts,Grey,Fall,2011.0,Casual,Doodle Boy's Original Royal Classic Grey Melange Kidswear,output_images\8351.png
10016,Girls,apparel,Dress,Dresses,Pink,Summer,2011.0,Casual,Palm Tree Girl's Cr Blossom Drs Pink Dresses,output_images\10016.png
7570,Men,apparel,Topwear,Tshirts,Black,Summer,2011.0,Sports,Nike Men's As Go Dunk Black T-shirt,output_images\7570.png
7513,Men,apparel,Topwear,Tshirts,Red,Summer,2011.0,Sports,Nike Men's As Explosive Red T-shirt,output_images\7513.png
2298,Men,apparel,Topwear,Tshirts,Red,Fall,2010.0,Sports,Nike Mens Core Cotton Red T-shirt,output_images\2298.png
4953,Boys,apparel,Topwear,Tshirts,White,Summer,2011.0,Casual,Gini and Jony Boy's Kalin White Navy Kidswear,output_images\4953.png
5415,Girls,apparel,Topwear,Tshirts,Red,Summer,2011.0,Casual,Ant Kids Girl's Red Little Heart Kidswear,output_images\5415.png
4954,Boys,apparel,Topwear,Tshirts,White,Summer,2011.0,Casual,Gini and Jony Boy's Kalin White Navy Infant Kidswear,output_images\4954.png
2296,Women,apparel,Topwear,Tshirts,Black,Fall,2010.0,Sports,Nike Women DPT Black T-shirt,output_images\2296.png
5423,Boys,apparel,Topwear,Tshirts,Blue,Summer,2011.0,Casual,Ant Kids Boy's Grey Blue Kidswear,output_images\5423.png
4962,Boys,apparel,Topwear,Tshirts,Blue,Summer,2011.0,Casual,Gini and Jony Boy's Karsen Blue White Infant Kidswear,output_images\4962.png
5424,Boys,apparel,Topwear,Tshirts,White,Summer,2011.0,Casual,Ant Kids Boy's Whats Up White Navy Kidswear,output_images\5424.png
7525,Men,apparel,Topwear,Tshirts,Red,Summer,2011.0,Sports,Nike Men's Round Neck Red T-Shirt,output_images\7525.png
2265,Women,apparel,Topwear,Tshirts,Orange,Fall,2010.0,Sports,Nike Womens NIKE MILER SS TOP T-shirt,output_images\2265.png
2291,Men,apparel,Topwear,Tshirts,White,Fall,2010.0,Sports,Nike Men White Polo T-shirt,output_images\2291.png
4965,Boys,apparel,Topwear,Tshirts,White,Summer,2011.0,Casual,Gini and Jony Boy's Kalkin White Brown Kidswear,output_images\4965.png
8350,Boys,apparel,Topwear,Tshirts,White,Fall,2011.0,Casual,Doodle Boy's I love Driving White Kidswear,output_images\8350.png
3328,Men,apparel,Topwear,Tshirts,Red,Summer,2011.0,Sports,KXIP Mens Fangear Tee,output_images\3328.png
10028,Women,apparel,Topwear,Tshirts,White,Fall,2011.0,Sports,Nike Women As Club Jerse White T-Shirts,output_images\10028.png
4931,Girls,apparel,Dress,Dresses,Blue,Summer,2011.0,Casual,Gini and Jony Girl's Valerie Blue White Kidswear,output_images\4931.png
7571,Men,apparel,Topwear,Tshirts,White,Summer,2011.0,Sports,Nike Men's As Colorblock Red T-shirt,output_images\7571.png
10017,Women,apparel,Topwear,Jackets,Blue,Fall,2011.0,Sports,Nike Women As The Windru Blue Jackets,output_images\10017.png
7585,Men,apparel,Topwear,Tshirts,Black,Summer,2011.0,Sports,Nike Men's As Drip Swoosh Black T-shirt,output_images\7585.png
4936,Girls,apparel,Dress,Dresses,Black,Summer,2011.0,Casual,Gini and Jony Girl's Veata White Black Pink Infants Kidswear,output_images\4936.png
2699,Girls,apparel,Dress,Dresses,Pink,Summer,2011.0,Casual,Disney Kids Girls Disney girl pink pooh top Kidswear,output_images\2699.png
8357,Boys,apparel,Topwear,Tshirts,Green,Fall,2011.0,Casual,Doodle Boy's End Is Just Begining Green Kidswear,output_images\8357.png
5448,Men,apparel,Topwear,Tshirts,White,Summer,2011.0,Casual,Nike Men's Training White Blue T-shirt,output_images\5448.png
7549,Men,apparel,Bottomwear,Track Pants,Black,Summer,2011.0,Sports,Nike Men Essenti Black Track Pant,output_images\7549.png
7582,Men,apparel,Topwear,Tshirts,White,Summer,2011.0,Sports,Nike Men's As Stacked White T-shirt,output_images\7582.png
4307,Unisex_Kids,apparel,Topwear,Tshirts,Green,Summer,2011.0,Casual,Tantra Kid's Unisex The Matrix Green Kidswear,output_images\4307.png
10010,Men,apparel,Topwear,Tshirts,Black,Fall,2011.0,Sports,Nike Men As Showdown F Black T-Shirts,output_images\10010.png
4909,Girls,apparel,Topwear,Tops,Red,Summer,2011.0,Casual,Levis Kids Girl's Darcy Red Kidswear,output_images\4909.png
8368,Girls,apparel,Topwear,Tshirts,Pink,Fall,2011.0,Casual,Doodle Girl's Halter Neck Pink Kidswear,output_images\8368.png
4900,Girls,apparel,Topwear,Tops,Pink,Summer,2011.0,Casual,Levis Kids Girl's Desiree Pink Teens Kidswear,output_images\4900.png
10019,Women,apparel,Topwear,Tshirts,White,Fall,2011.0,Sports,Nike Women As Miler Ss White T-Shirts,output_images\10019.png
3319,Boys,apparel,Topwear,Tshirts,Yellow,Summer,2011.0,Sports,CSK Boys Fangear Tee,output_images\3319.png
8361,Girls,apparel,Topwear,Tshirts,Green,Fall,2011.0,Casual,Doodle Girl's Tonight Night Rock Light Green Kidswear,output_images\8361.png
4331,Unisex_Kids,apparel,Topwear,Tshirts,Orange,Summer,2011.0,Casual,Tantra Kid's Unisex Naughty Crime Orange Kidswear,output_images\4331.png
10026,Women,apparel,Topwear,Tshirts,Black,Fall,2011.0,Sports,Nike Women As Challenger Black T-Shirts,output_images\10026.png
10670,Boys,apparel,Topwear,Tshirts,Black,Fall,2011.0,Casual,Doodle Boy Stop global warming Black Tshirts,output_images\10670.png
5441,Girls,apparel,Topwear,Tops,Purple,Summer,2011.0,Casual,Ant Kids Girl's Check Top Purple Kidswear,output_images\5441.png
7540,Men,apparel,Topwear,Tshirts,Blue,Summer,2011.0,Sports,Nike men's As Spher Blue T-shirt,output_images\7540.png
8366,Girls,apparel,Topwear,Tshirts,Green,Fall,2011.0,Casual,Doodle Girl's I Love My Bicycle Green Kidswear,output_images\8366.png
4309,Unisex_Kids,apparel,Topwear,Tshirts,Black,Summer,2011.0,Casual,Tantra Kid's Unisex Black Kidswear,output_images\4309.png
4907,Girls,apparel,Topwear,Tops,Green,Summer,2011.0,Casual,Palm Tree Girl's Linnea White Green Kidswear,output_images\4907.png
5022,Boys,apparel,Topwear,Shirts,Blue,Summer,2011.0,Casual,Levis Kids Boy's Calcio Grey Blue Kidswear,output_images\5022.png
7547,Men,apparel,Bottomwear,Track Pants,Grey,Summer,2011.0,Sports,Nike Men Essenti Grey Track Pant,output_images\7547.png
8359,Girls,apparel,Topwear,Tshirts,Pink,Fall,2011.0,Casual,Doodle Girl's Princess Cute Little Pink Kidswear,output_images\8359.png
5446,Men,apparel,Topwear,Tshirts,Blue,Summer,2011.0,Casual,Nike Men's Training Blue T-shirt,output_images\5446.png
10677,Girls,apparel,Topwear,Tops,Pink,Fall,2011.0,Casual,Doodle Girl Flap doodle angel Pink Tops,output_images\10677.png
2697,Girls,apparel,Dress,Dresses,Blue,Summer,2011.0,Casual,Disney Kids Girl's Blue Pooh Kidswear,output_images\2697.png
3321,Men,apparel,Topwear,Tshirts,Blue,Summer,2011.0,Sports,KKR Mens Fangear Polo Jersey,output_images\3321.png
4938,Boys,apparel,Topwear,Tshirts,Grey,Summer,2011.0,Casual,Gini and Jony Boy's Kaden Grey Blue Infant Kidswear,output_images\4938.png
10021,Men,apparel,Bottomwear,Shorts,White,Spring,2013.0,Sports,Nike Men As Woven Shor White Shorts,output_images\10021.png
1644,Men,apparel,Topwear,Tshirts,Red,Fall,2010.0,Sports,Kipsta Men Loose Fit Round Neck Jersey Red,output_images\1644.png
